<?xml version="1.0" encoding="UTF-8"?>
<project-private xmlns="http://www.netbeans.org/ns/project-private/1">
    <editor-bookmarks xmlns="http://www.netbeans.org/ns/editor-bookmarks/2" lastBookmarkId="0"/>
    <open-files xmlns="http://www.netbeans.org/ns/projectui-open-files/2">
        <group>
            <file>file:/D:/Kuliah/Semester%201/Algoritma%20dan%20Kompleksitas/Tugas%20Algoritma/Form/src/DAO/daoBarang.java</file>
            <file>file:/D:/Kuliah/Semester%201/Algoritma%20dan%20Kompleksitas/Tugas%20Algoritma/Form/src/form/FormBiodata.java</file>
            <file>file:/D:/Kuliah/Semester%201/Algoritma%20dan%20Kompleksitas/Tugas%20Algoritma/Form/src/Controller/controllerBarang.java</file>
            <file>file:/D:/Kuliah/Semester%201/Algoritma%20dan%20Kompleksitas/Tugas%20Algoritma/Form/src/Controller/Koneksi.java</file>
            <file>file:/D:/Kuliah/Semester%201/Algoritma%20dan%20Kompleksitas/Tugas%20Algoritma/Form/src/View/FormBarang.java</file>
            <file>file:/D:/Kuliah/Semester%201/Algoritma%20dan%20Kompleksitas/Tugas%20Algoritma/Form/src/Model/Barang.java</file>
            <file>file:/D:/Kuliah/Semester%201/Algoritma%20dan%20Kompleksitas/Tugas%20Algoritma/Form/src/form/Toko.java</file>
            <file>file:/D:/Kuliah/Semester%201/Algoritma%20dan%20Kompleksitas/Tugas%20Algoritma/Form/src/Model/TabelModelBarang.java</file>
        </group>
    </open-files>
</project-private>
